Majority Group,Tracts,Population,accessPop,Area (sqm),Green Space Area (sqm),Percent Population with Access,Green Space per Person (sqm)
Asian,4,13875.0,10876,1983068.4278727232,27682.50004249621,78.38558558558559,2.5452831962574667
Black,269,755569.0,482153,196481793.59561786,13498778.104333464,63.81323214689856,27.996876726544198
Latinx,146,579637.0,332655,96215419.59597412,2667938.937262943,57.39022871210775,8.020137792195948
Mixed,178,669499.0,510794,145342623.2435267,8965316.505443294,76.29496085879143,17.551726342602485
White,190,660728.0,485254,118606373.67641352,11511111.374670135,73.44232422418908,23.721826867311005
